{"cameraMode":{"drawMode":0,"name":"Shaded","section":"Shading Mode"},"sceneLighting":true,"audioPlay":false,"sceneViewState":{"m_AlwaysRefresh":false,"showFog":true,"showSkybox":true,"showFlares":true,"showImageEffects":true,"showParticleSystems":true,"showVisualEffectGraphs":true,"m_FxEnabled":true},"in2DMode":false,"pivot":{"x":1.8033905029296876,"y":-0.7109971046447754,"z":-0.6798887252807617},"rotation":{"x":0.09916345775127411,"y":0.8904446959495544,"z":-0.23382896184921266,"w":0.37762582302093508},"size":5.532800197601318,"orthographic":false}