{"cameraMode":{"drawMode":0,"name":"Shaded","section":"Shading Mode"},"sceneLighting":true,"audioPlay":false,"sceneViewState":{"m_AlwaysRefresh":false,"showFog":true,"showSkybox":true,"showFlares":true,"showImageEffects":true,"showParticleSystems":true,"showVisualEffectGraphs":true,"m_FxEnabled":true},"in2DMode":false,"pivot":{"x":0.06999969482421875,"y":-1.2033593654632569,"z":24.559999465942384},"rotation":{"x":0.3395220935344696,"y":-0.021160976961255075,"z":0.007640541065484285,"w":0.9403291940689087},"size":18.094141006469728,"orthographic":true}