{"cameraMode":{"drawMode":0,"name":"Shaded","section":"Shading Mode"},"sceneLighting":true,"audioPlay":false,"sceneViewState":{"m_AlwaysRefresh":false,"showFog":true,"showSkybox":true,"showFlares":true,"showImageEffects":true,"showParticleSystems":true,"showVisualEffectGraphs":true,"m_FxEnabled":true},"in2DMode":false,"pivot":{"x":3.819032669067383,"y":10.332271575927735,"z":-0.5881614685058594},"rotation":{"x":-0.015206110663712025,"y":-0.9671210646629334,"z":0.2468453347682953,"w":-0.05955588445067406},"size":21.570112228393556,"orthographic":false}