{"cameraMode":{"drawMode":0,"name":"Shaded","section":"Shading Mode"},"sceneLighting":false,"audioPlay":false,"sceneViewState":{"m_AlwaysRefresh":false,"showFog":true,"showSkybox":false,"showFlares":true,"showImageEffects":true,"showParticleSystems":true,"showVisualEffectGraphs":true,"m_FxEnabled":true},"in2DMode":false,"pivot":{"x":3.114398717880249,"y":1.319718837738037,"z":-0.0003757476806640625},"rotation":{"x":0.029821695759892465,"y":0.9573299288749695,"z":-0.26681458950042727,"w":0.10699306428432465},"size":8.299294471740723,"orthographic":false}