{"cameraMode":{"drawMode":0,"name":"Shaded","section":"Shading Mode"},"sceneLighting":false,"audioPlay":false,"sceneViewState":{"m_AlwaysRefresh":false,"showFog":true,"showSkybox":false,"showFlares":true,"showImageEffects":true,"showParticleSystems":true,"showVisualEffectGraphs":true,"m_FxEnabled":true},"in2DMode":false,"pivot":{"x":-39.423187255859378,"y":13.968192100524903,"z":54.76650619506836},"rotation":{"x":0.03200520947575569,"y":-0.8354206085205078,"z":0.048929356038570407,"w":0.5465022325515747},"size":2.5989458560943605,"orthographic":false}